﻿Designator,Footprint,Quantity,Value,LCSC Part #
C1,1206,1,10uF,
"C11, C12, C13, C14, C15, C16, C17, C18, C19, C20, C21, C22, C23, C24, C25, C26, C31, C32, C33, C34, C35, C36, C37, C38, C39, C40, C41, C42, C43, C44, C45, C46",0402,32,100nF,
"H1, H2, H3, H4",MountingHole_3.2mm_M3_ISO7380,4,MountingHole,
J1,PinHeader_1x11_P2.54mm_Horizontal,1,Conn_01x11_Pin,
"R1, R2",0402,2,10k,
"R10, R11, R12, R13, R14, R15, R16, R17, R18, R19, R20, R21, R22, R23, R24, R28, R29, R3, R30, R31, R32, R33, R34, R35, R4, R5, R6, R7, R8, R9",1206,30,R,
"TP1, TP10, TP11, TP12, TP13, TP14, TP15, TP16, TP2, TP3, TP4, TP5, TP6, TP7, TP8, TP9",TestPoint_Pad_D1.5mm,16,TestPoint,
"U1, U2",SOIC-28W_7.5x17.9mm_P1.27mm,2,MCP23S17_SO,
"U11, U12, U13, U14, U15, U16, U17, U18, U19, U20, U21, U22, U23, U24, U25, U26, U31, U32, U33, U34, U35, U36, U37, U38, U39, U40, U41, U42, U43, U44, U45, U46",SOT-23-3,32,TMAG4231,
